From,To
3z638c85-0661-4fe1-a1df-76c3bd5a4881,0e260754-cfc6-4fc3-9cab-591eb362a30b
4f638c85-0661-4fe1-a1df-76c3bd5a4881,0e27f769-3e41-436b-805d-06e8d034a797
81340a54-0f17-4f84-a737-dc6e2b9c40c9,0e260754-cfc6-4fc3-9cab-591eb362a30b
d6a6e891-3c94-4196-bd01-e2d79037dc39,0e260754-cfc6-4fc3-9cab-591eb362a30b
a37a96ee-f0cb-440c-b07b-4d9f8147c2dc,0e260754-cfc6-4fc3-9cab-591eb362a30b
e1791225-0166-4ee7-8806-e283df20f6d7,0e260754-cfc6-4fc3-9cab-591eb362a30b
6101fed8-ccb4-43dc-ba9e-477910537257,0dfd5f3d-3be5-4fef-9fef-4d4e975e1460
0716f5eb-1faa-46ab-a028-f2ca249e146b,0dfd5f3d-3be5-4fef-9fef-4d4e975e1460
b0e75c9f-7557-4350-a6fc-2d64d2a803c8,0dfd5f3d-3be5-4fef-9fef-4d4e975e1460
84b972fd-9b59-402e-b370-08872d90800a,0dfd5f3d-3be5-4fef-9fef-4d4e975e1460
2b35d9fc-cb17-4605-9599-afa713f82dc0,0dfd5f3d-3be5-4fef-9fef-4d4e975e1460
a41adccd-8fd5-4fb4-a17c-e552eb9003bc,0dfd5f3d-3be5-4fef-9fef-4d4e975e1460
d1ee2969-379a-4fc2-80a1-61e418019cee,0dfd5f3d-3be5-4fef-9fef-4d4e975e1460
426597e7-fca3-44a2-9879-e1660127a31d,0dfd5f3d-3be5-4fef-9fef-4d4e975e1460
60623194-18a5-40b3-b781-f738c6e83a61,0dfd5f3d-3be5-4fef-9fef-4d4e975e1460
04382c11-f1a0-4aeb-b9c6-89fd9eca6045,0dfd5f3d-3be5-4fef-9fef-4d4e975e1460
ed39860f-f528-43b9-a4aa-9c634a978b68,0dfd5f3d-3be5-4fef-9fef-4d4e975e1460
47d52d85-5fdb-4e71-8e2a-6391f591251d,0dfd5f3d-3be5-4fef-9fef-4d4e975e1460
48e0e857-7b26-4845-9c1a-4af59bf95ce5,0dfd5f3d-3be5-4fef-9fef-4d4e975e1460
c96fbab8-b007-4b48-ba14-d4cffef4570c,0dfd5f3d-3be5-4fef-9fef-4d4e975e1460
dd5554aa-cbda-412e-b0c9-90e209179d09,0dfd5f3d-3be5-4fef-9fef-4d4e975e1460
11b13b78-985d-42ef-bdd2-95f1f9a93042,0dfd5f3d-3be5-4fef-9fef-4d4e975e1460
42051f8c-aa84-44c3-b199-2fa0278d2500,0dfd5f3d-3be5-4fef-9fef-4d4e975e1460
c3a18671-29aa-44e4-8c7e-10e0b4097eb5,0dfd5f3d-3be5-4fef-9fef-4d4e975e1460
3b54d4c7-0454-4d05-91e6-955f9d46a7b9,0dfd5f3d-3be5-4fef-9fef-4d4e975e1460
cdb4ecc4-e246-47b6-94d4-5623ee2ea403,0dbf9fcf-0f5d-4c27-bbf3-b1cead22efb0
a747da64-f258-4950-b627-0762877b0698,0da85fc7-b31c-44c4-8ee3-8af95632b396
1f734de1-7d9a-4874-9a79-0fa530c5c54b,0da85fc7-b31c-44c4-8ee3-8af95632b396
ca0d6527-f1eb-41aa-9146-fc53873e811f,0da85fc7-b31c-44c4-8ee3-8af95632b396
8f0d4a14-43bf-4a59-9557-7a60e90830c2,0da210e3-a5fc-4ec0-b63d-f616b6c1138e
691916a3-f344-46f4-9dbd-27b80032a8dd,0da210e3-a5fc-4ec0-b63d-f616b6c1138e
a14c6d45-3853-4641-8944-6b33266fec2a,0d991203-9fcf-4179-a02c-0140dd4df97a
b7663bfc-b412-430f-8329-dd5e9730c361,0d991203-9fcf-4179-a02c-0140dd4df97a
88d27df3-1092-4090-84d3-34fadbe98614,0d991203-9fcf-4179-a02c-0140dd4df97a
347a44a3-0a7c-4d8f-bf47-d6677eddf5b1,0d991203-9fcf-4179-a02c-0140dd4df97a
cef8f715-64e7-43e6-b1c9-d990cbcc64bc,0d991203-9fcf-4179-a02c-0140dd4df97a
bddd5b81-e530-46c7-8d36-d3335388a1c5,0d991203-9fcf-4179-a02c-0140dd4df97a
caf24f3f-d8a0-4ccb-9010-c824181a3abf,0d991203-9fcf-4179-a02c-0140dd4df97a
f8a53754-c87f-4c8e-91e0-ab03dc8c0cd1,0d991203-9fcf-4179-a02c-0140dd4df97a
3fe5683b-28da-4ee0-88a1-3d1c1d2e694f,0d991203-9fcf-4179-a02c-0140dd4df97a
b9d3564f-d858-437c-9e3a-d2a2c95af279,0d991203-9fcf-4179-a02c-0140dd4df97a
3ed62ee3-f91c-4556-8fe1-f0fe6b7a3a31,0d991203-9fcf-4179-a02c-0140dd4df97a
15c0569b-e25b-482e-8d87-b3574ea30518,0d991203-9fcf-4179-a02c-0140dd4df97a
54c0bbdd-44a1-4c61-8ce8-f3aaba1ade88,0d991203-9fcf-4179-a02c-0140dd4df97a
da760162-13fa-4b7f-be62-f1dbb1b2a0ba,0d991203-9fcf-4179-a02c-0140dd4df97a
f76c2e65-d38f-48be-a382-dd96f65fd9a2,0d991203-9fcf-4179-a02c-0140dd4df97a
73be5b2b-9e08-440c-bc0b-4f5c207e109e,0d991203-9fcf-4179-a02c-0140dd4df97a
292cb9fc-d3ee-421b-a5cd-3fc7314a33d4,0d991203-9fcf-4179-a02c-0140dd4df97a
c215d01f-ed26-4c39-beef-0487a9a69de3,0d991203-9fcf-4179-a02c-0140dd4df97a
9a7086f1-c16c-4dca-ad9c-04071ef1ec2c,0d991203-9fcf-4179-a02c-0140dd4df97a
984d8d4b-fbe8-4ce3-88cd-0940b0e60c77,0d991203-9fcf-4179-a02c-0140dd4df97a
9960e222-fa38-496e-8f8a-7e9762c200e0,0d991203-9fcf-4179-a02c-0140dd4df97a
ec094dbd-7229-4611-b94b-64c8654d87ce,0d991203-9fcf-4179-a02c-0140dd4df97a
d4e19996-cbd0-4332-82bf-c7a623418441,0d991203-9fcf-4179-a02c-0140dd4df97a
46a7ec91-7824-4a7a-a32d-1b51dd52cdd3,0d991203-9fcf-4179-a02c-0140dd4df97a
9aaae89d-c9d2-485d-be94-c6a6440319ec,0d991203-9fcf-4179-a02c-0140dd4df97a
b5f88417-7a4b-46a0-9793-0ed008a28c4a,0d991203-9fcf-4179-a02c-0140dd4df97a
542833dc-3344-4aa2-90c0-13840d21e5e5,0d991203-9fcf-4179-a02c-0140dd4df97a
a0e81958-585c-4f21-be65-ea81c250ec64,0d991203-9fcf-4179-a02c-0140dd4df97a
ae358e0f-efc4-459d-af2d-42c92846512d,0d991203-9fcf-4179-a02c-0140dd4df97a
38d597d4-9d4b-47bc-8424-9a2313f5af41,0d991203-9fcf-4179-a02c-0140dd4df97a
2ca27f24-1d96-49ef-97f4-f0617dc16b7d,0d991203-9fcf-4179-a02c-0140dd4df97a
e777c0f4-1a35-4943-92cd-3316727bdc38,0d991203-9fcf-4179-a02c-0140dd4df97a
5dfc3a17-efcd-4701-88fc-ba0ac213a95c,0d991203-9fcf-4179-a02c-0140dd4df97a
a42a00ab-7a62-43a0-9e79-618b18c2d8e9,0d991203-9fcf-4179-a02c-0140dd4df97a
6f3440b6-d8d9-4394-86d3-bc81387ad0d1,0d991203-9fcf-4179-a02c-0140dd4df97a
04cf720c-a47b-4a41-82aa-2e12e801dd57,0d991203-9fcf-4179-a02c-0140dd4df97a
18f37420-2e1d-42c5-b688-ff6361d03772,0d991203-9fcf-4179-a02c-0140dd4df97a
6e0624e7-7318-4a3e-9833-d3c94547c185,0d991203-9fcf-4179-a02c-0140dd4df97a
c40a4d80-d18d-431d-97df-d6482fe58db5,0d991203-9fcf-4179-a02c-0140dd4df97a
2900d205-b4ba-4333-bdd4-36ca71f2ca92,0d991203-9fcf-4179-a02c-0140dd4df97a
ee3d313a-0029-4527-902e-04e43a720f4f,0d991203-9fcf-4179-a02c-0140dd4df97a
895f3d01-2851-45ae-b82d-0241926034b2,0d991203-9fcf-4179-a02c-0140dd4df97a
e5e20c38-b923-46a1-a130-ba3c60219c85,0d991203-9fcf-4179-a02c-0140dd4df97a
fc0b1e5a-7cc7-4902-a198-fe7f686aedec,0d991203-9fcf-4179-a02c-0140dd4df97a
9544d0fa-23c4-4528-9a72-5efc9d83b21c,0d991203-9fcf-4179-a02c-0140dd4df97a
1967d2fd-39be-46e0-b51a-02e956dba51a,0d991203-9fcf-4179-a02c-0140dd4df97a
191b77dc-a535-4a79-9232-d8d1f511c748,0d991203-9fcf-4179-a02c-0140dd4df97a
bd8e96e4-9899-40e6-a042-e0125ac9cf76,0d991203-9fcf-4179-a02c-0140dd4df97a
243ecb3c-d66c-4a01-8a14-18458572e2c1,0d991203-9fcf-4179-a02c-0140dd4df97a
55318b40-3f11-4d21-b30f-a3b88b9c29a3,0d991203-9fcf-4179-a02c-0140dd4df97a
2cd6aa18-dd46-42e8-b451-a83e5e69e6c9,0d991203-9fcf-4179-a02c-0140dd4df97a
5c173dcd-04a2-4265-ad10-4a3ac87ae796,0d991203-9fcf-4179-a02c-0140dd4df97a
d0284394-7076-4951-9cf3-26e5139cbfc7,0d991203-9fcf-4179-a02c-0140dd4df97a
3050d8c3-e9f6-46be-9740-f2e0ff70ff00,0d8bc655-1aac-4b0a-9ba3-79f0530aa119
5c4e5057-d054-4d8c-9ebf-e94c7d46ce7d,0d85f7e4-b41e-4ef9-8c48-63e8b42e3e3a
49b7571a-acce-43f6-9732-4abd4385e20b,0d6a8b4e-4b65-48c1-a26e-8a3962437e43
0a6560cf-6458-4204-9cec-277292202d0c,0d6a8b4e-4b65-48c1-a26e-8a3962437e43
a25efb83-04c3-4f9b-927b-49bd06e2c366,0d6a8b4e-4b65-48c1-a26e-8a3962437e43
b13b10ad-64cb-42a6-af39-f725add8de9e,0d6a8b4e-4b65-48c1-a26e-8a3962437e43
7961287a-4ea0-468e-92f8-8edcb62ff5ab,0d6a8b4e-4b65-48c1-a26e-8a3962437e43
8924fafa-7a5a-4c44-a4f8-0db3abe5199a,0d6a8b4e-4b65-48c1-a26e-8a3962437e43
38d277f2-60a7-4931-b53f-b4efb60cfc22,0d6a8b4e-4b65-48c1-a26e-8a3962437e43
db28f9f3-d524-4d87-8e0e-9c169bb65a50,0d6a8b4e-4b65-48c1-a26e-8a3962437e43
4a35f991-459e-496b-9867-d666ab00d507,0d6a8b4e-4b65-48c1-a26e-8a3962437e43
ce96abb6-8570-4e00-a8e3-2c3e3968f1eb,0d6a8b4e-4b65-48c1-a26e-8a3962437e43
e34649bb-d537-42be-b2f9-d07786de5a6a,0d642e94-1e65-41f1-8871-a2d2bf740122
a3dab4a5-05cf-43fd-a07c-64b6ae4875c8,0d642e94-1e65-41f1-8871-a2d2bf740122
0e1ea78b-71f2-436f-9836-6c06dc8c2df1,0d642e94-1e65-41f1-8871-a2d2bf740122
ef9b085a-67a9-4395-a634-eea82c83b658,0d642e94-1e65-41f1-8871-a2d2bf740122
4d887c17-4cc8-40e6-8305-41187ffabb51,0d642e94-1e65-41f1-8871-a2d2bf740122
148faf72-a485-4fd8-9b08-d00d37833b48,0d642e94-1e65-41f1-8871-a2d2bf740122
7eb6daa6-5c1d-441b-bf05-1353503115e8,0d642e94-1e65-41f1-8871-a2d2bf740122
4608b4ca-0d9e-4db5-b6f3-690a70930056,0d642e94-1e65-41f1-8871-a2d2bf740122
6c1d435d-733d-44f2-a62e-8059a8d39198,0d642e94-1e65-41f1-8871-a2d2bf740122
1698a445-b654-4f43-980e-fa0915ebbee5,0d642e94-1e65-41f1-8871-a2d2bf740122
b4d6b206-b34f-4350-be04-ba35319deef2,0d642e94-1e65-41f1-8871-a2d2bf740122
9be9ee7a-a463-468a-b902-702e9ae4491c,0d642e94-1e65-41f1-8871-a2d2bf740122
4ddff7a1-5045-4b03-9676-d2f12837e916,0d642e94-1e65-41f1-8871-a2d2bf740122
4ec7ebb1-b8e5-4d1c-bc4a-ee052957d6c7,0d642e94-1e65-41f1-8871-a2d2bf740122
62648820-25a2-46a5-9c33-f9723f443c17,0d642e94-1e65-41f1-8871-a2d2bf740122
db71a789-bb5f-4627-b93e-6748f8ebb24c,0d642e94-1e65-41f1-8871-a2d2bf740122
d5a42d8e-b858-473f-9d52-162ee6216048,0d642e94-1e65-41f1-8871-a2d2bf740122
48c99ea8-87a8-4b3a-a563-454a37a250b5,0d642e94-1e65-41f1-8871-a2d2bf740122
1dcc5139-a218-46af-be2d-803a30e5ff1f,0d642e94-1e65-41f1-8871-a2d2bf740122
d49b53d3-aaa9-497c-ab7c-103a165ff44e,0d642e94-1e65-41f1-8871-a2d2bf740122
621f04f1-a013-45e2-812f-af92a115db7c,0d642e94-1e65-41f1-8871-a2d2bf740122
4ba194bc-a3e1-4797-b61e-daef1ac2398c,0d642e94-1e65-41f1-8871-a2d2bf740122
a21fd73c-ef3e-4324-9996-d08a43be0fc8,0d642e94-1e65-41f1-8871-a2d2bf740122
f6edf16d-ab63-43a6-9447-09dd9f51da40,0d642e94-1e65-41f1-8871-a2d2bf740122
3e181c6d-cfa2-4ad3-90e5-4b20ab6bda60,0d642e94-1e65-41f1-8871-a2d2bf740122
ba827788-c37d-4f77-bc1f-224a05e5ed3a,0d642e94-1e65-41f1-8871-a2d2bf740122
cf6b6b10-7145-4d9a-84e9-9d36982326a7,0d642e94-1e65-41f1-8871-a2d2bf740122
62ed5dd6-1936-43d0-b713-44436a11828c,0d642e94-1e65-41f1-8871-a2d2bf740122
fb56a77d-c361-4c74-8ce3-3963812af7ed,0d642e94-1e65-41f1-8871-a2d2bf740122
168384ad-9c10-4b18-9d57-3414396a53c3,0d642e94-1e65-41f1-8871-a2d2bf740122
e4ef76aa-89b2-4857-bb6a-1ebd97cd2bfe,0d642e94-1e65-41f1-8871-a2d2bf740122
c4ce9bfe-af7a-4ce2-a838-eaa5856ca59f,0d642e94-1e65-41f1-8871-a2d2bf740122
0a5b7c84-2feb-4eae-aba3-931b5f2014a9,0d642e94-1e65-41f1-8871-a2d2bf740122
59919933-fbcc-489d-a122-79890037168b,0d642e94-1e65-41f1-8871-a2d2bf740122
4ba95af1-feb3-4095-9395-4a300e95d042,0d642e94-1e65-41f1-8871-a2d2bf740122
31c2989c-a00d-45a3-96c8-676b6d747274,0d642e94-1e65-41f1-8871-a2d2bf740122
878a774a-9775-40b2-920c-7afa278d3848,0d642e94-1e65-41f1-8871-a2d2bf740122
37fb152a-086a-4212-84cd-eb2035ed6f8f,0d642e94-1e65-41f1-8871-a2d2bf740122
c1d82135-5f73-4000-bcc9-b0051f304e26,0d642e94-1e65-41f1-8871-a2d2bf740122
da8585b7-281a-4041-9dbf-2bf46f436a03,0d642e94-1e65-41f1-8871-a2d2bf740122
aecf04da-4ee8-4362-a144-ce8eb17f7612,0d642e94-1e65-41f1-8871-a2d2bf740122
a9c5389d-6dde-4c26-9e2b-3437cfe523fd,0d642e94-1e65-41f1-8871-a2d2bf740122
2794a55d-9a88-439a-8516-b553d82a02f9,0d642e94-1e65-41f1-8871-a2d2bf740122
a0af890b-ab83-44df-9b5d-eaea5b7ea041,0d642e94-1e65-41f1-8871-a2d2bf740122
798044e9-4103-4cd9-bd80-29d71954a4f4,0d642e94-1e65-41f1-8871-a2d2bf740122
53ff3fdf-e17b-426a-9bef-03f405d79c36,0d642e94-1e65-41f1-8871-a2d2bf740122
c2f8b62c-ede4-4a27-bcfa-99be80fd3540,0d642e94-1e65-41f1-8871-a2d2bf740122
e9f32291-dfd8-46a6-b94c-916b250e2907,0d642e94-1e65-41f1-8871-a2d2bf740122
afa88413-5840-4859-a05c-4c3e7ae3f5b2,0d642e94-1e65-41f1-8871-a2d2bf740122
120b42a6-31cd-429f-82bd-5b062ffb717e,0d642e94-1e65-41f1-8871-a2d2bf740122
75acc2ba-74b7-4841-a300-c43077ad11f5,0d642e94-1e65-41f1-8871-a2d2bf740122
34610d7e-1e48-4eff-a929-2db49b272918,0d642e94-1e65-41f1-8871-a2d2bf740122
cec3d7af-3b22-437f-b5ef-97aafdc78d69,0d642e94-1e65-41f1-8871-a2d2bf740122
7ededf08-0ce8-4012-b63c-efacaebd766f,0d44522b-bf5e-4446-90b3-b6993185f150
3e5afea6-5335-48ef-8f55-80f3da22dd81,0d44522b-bf5e-4446-90b3-b6993185f150
7e3cb5c2-e228-4ffd-89d2-41ba55e32cd8,0d44522b-bf5e-4446-90b3-b6993185f150
83f250ad-91d3-4825-b0f0-32dc30f49bb4,0d44522b-bf5e-4446-90b3-b6993185f150
2384acd7-aaee-469b-a0e4-a53044207a31,0d44522b-bf5e-4446-90b3-b6993185f150
52c22ffc-45b1-48e3-88d7-d574cb9a7b39,0d44522b-bf5e-4446-90b3-b6993185f150
cd065486-8f18-478e-ba33-4430ddeeba88,0d44522b-bf5e-4446-90b3-b6993185f150
d8fbb7e7-b47e-4610-8e26-4b735805c50e,0d35b07e-7923-4e4c-926f-5a6f4a1fb303
59c5ec97-4e1e-4ad8-b2ed-6972885cf3ef,0cfb5474-cf15-40bd-8fd4-b73130fe9e5d
bab39349-0329-480f-8348-79c6efaf24c7,0cf577c3-7ad4-416c-bc39-b986951bcfcd
184cbb40-0d4f-4995-88e5-0053eda3deae,0cf577c3-7ad4-416c-bc39-b986951bcfcd
74e9d290-92f8-44c6-b9ef-bb874ee2b932,0cf577c3-7ad4-416c-bc39-b986951bcfcd
27021c0d-4b85-41a5-b8e0-7c429d3f56c9,0cf577c3-7ad4-416c-bc39-b986951bcfcd
7dcbf63f-b7d5-4aec-a717-235147a7415f,0cf577c3-7ad4-416c-bc39-b986951bcfcd
4ce1f00e-9a0d-42b5-824f-44affbf839c8,0cf577c3-7ad4-416c-bc39-b986951bcfcd
d0aefb39-5ec8-4faa-ba36-bba40a75e497,0cf577c3-7ad4-416c-bc39-b986951bcfcd
44ec4d3b-d794-488c-999d-186e4d19e207,0cf577c3-7ad4-416c-bc39-b986951bcfcd
8987980a-1f54-4443-a05a-4284b426350a,0cf577c3-7ad4-416c-bc39-b986951bcfcd
cecfe383-c728-4068-b341-15f3508462dd,0cf577c3-7ad4-416c-bc39-b986951bcfcd
5a6fdcea-6665-4390-97ef-457fd96ea095,0cf577c3-7ad4-416c-bc39-b986951bcfcd
bd0734c6-253f-42ae-a870-36c47776b0a0,0cf577c3-7ad4-416c-bc39-b986951bcfcd
1bdf1fc5-41b1-4f19-81af-0afaef28ab68,0cf577c3-7ad4-416c-bc39-b986951bcfcd
9dd8fac3-bd6e-466b-9a98-92542e81caae,0cf577c3-7ad4-416c-bc39-b986951bcfcd
07be0376-0dae-400f-aaab-c81de9013950,0cf577c3-7ad4-416c-bc39-b986951bcfcd
af43294b-7240-4d28-a05c-6da101484910,0cf577c3-7ad4-416c-bc39-b986951bcfcd
75c80f2d-460e-434d-ae60-29960730cb3e,0cf577c3-7ad4-416c-bc39-b986951bcfcd
09840bf6-35cd-44c4-bbc8-37b290361b45,0cf577c3-7ad4-416c-bc39-b986951bcfcd
9f91d4cc-299f-4707-8e76-2543d95bec0c,0cf577c3-7ad4-416c-bc39-b986951bcfcd
0eb17252-9672-4266-8440-248d46f5dba9,0cf577c3-7ad4-416c-bc39-b986951bcfcd
ff3ca6b7-79d6-4285-b85d-c2f42ac5d092,0cf577c3-7ad4-416c-bc39-b986951bcfcd
8433d7ad-469b-4c71-83ca-b34cae5d1908,0cf577c3-7ad4-416c-bc39-b986951bcfcd
e1b8d4f1-b4fd-42bf-a43c-bc652bb8cc70,0cf577c3-7ad4-416c-bc39-b986951bcfcd
43668ab9-2b63-4324-96b5-c3d7b4f1cfcb,0cf577c3-7ad4-416c-bc39-b986951bcfcd
92f3a0a4-1f43-4224-b35f-3cbaa741232f,0cf577c3-7ad4-416c-bc39-b986951bcfcd
5f7f94b2-129f-4a54-bb0c-77463ce5487a,0cf577c3-7ad4-416c-bc39-b986951bcfcd
0d66722c-39ce-4027-982a-6aea08356e78,0cf577c3-7ad4-416c-bc39-b986951bcfcd
8c3f907f-5507-4f9d-995d-7311c11e53b2,0cf577c3-7ad4-416c-bc39-b986951bcfcd
a483a82f-70f5-4fce-9b18-ec64eae05002,0cf577c3-7ad4-416c-bc39-b986951bcfcd
9fc7795f-652e-4850-8c6e-5ec5737d9e2d,0cf577c3-7ad4-416c-bc39-b986951bcfcd
305adcd3-5b48-46af-a382-c44acc2f1fc6,0cf577c3-7ad4-416c-bc39-b986951bcfcd
f699a8d0-1960-403a-bd30-b8039be14318,0cf577c3-7ad4-416c-bc39-b986951bcfcd
d3fe3dbd-2ff5-4f15-98c3-14a49bb528fb,0cf577c3-7ad4-416c-bc39-b986951bcfcd
d0084a44-d06b-4291-a918-6d3e3ae616e0,0cf577c3-7ad4-416c-bc39-b986951bcfcd
8d135ead-2e1c-43e3-aa0b-df8f8c2739d1,0cf577c3-7ad4-416c-bc39-b986951bcfcd
61985457-69ae-480f-824f-bd648d66edff,0cf577c3-7ad4-416c-bc39-b986951bcfcd
a36cb277-ec20-4132-a939-0464d65e4a68,0cf577c3-7ad4-416c-bc39-b986951bcfcd
6558459f-b4c1-4306-bc76-4af68aa24f45,0cf577c3-7ad4-416c-bc39-b986951bcfcd
330cf388-a2dd-4354-b40c-3599e4e5ad3d,0cf577c3-7ad4-416c-bc39-b986951bcfcd
22096c65-4d45-4c1d-9b55-506877495113,0cf577c3-7ad4-416c-bc39-b986951bcfcd
2e693c2b-9fc0-47d2-989f-24e2c086ba5c,0cf577c3-7ad4-416c-bc39-b986951bcfcd
2db91081-7743-4f7c-a32c-e0df5653cdad,0cf577c3-7ad4-416c-bc39-b986951bcfcd
a30a37b4-4298-40fd-8797-46bfd7bb7e52,0cf577c3-7ad4-416c-bc39-b986951bcfcd
56569558-7a85-4d7e-a001-cc56541c1cb9,0cf577c3-7ad4-416c-bc39-b986951bcfcd
bbdf057f-40f4-4a45-bea0-6dd24ce6d703,0cf577c3-7ad4-416c-bc39-b986951bcfcd
78d4a219-21cd-4c77-b2b5-7b3f91fcf22c,0cf577c3-7ad4-416c-bc39-b986951bcfcd
a058d9a6-f45d-4987-9792-470613143caf,0cf577c3-7ad4-416c-bc39-b986951bcfcd
ec7ffc95-d5a7-4b64-a065-2ef2d9466dfb,0cf577c3-7ad4-416c-bc39-b986951bcfcd
fa84207c-87c3-4d14-a82e-c5f068e3ebcb,0cf577c3-7ad4-416c-bc39-b986951bcfcd
0bd3facd-8ba3-4309-9bc2-1211b5694305,0cf577c3-7ad4-416c-bc39-b986951bcfcd
5b3b62eb-2a6a-4e32-96c6-ccb13e7755d4,0cf577c3-7ad4-416c-bc39-b986951bcfcd
409bf3b0-3579-4ac6-b0dc-54b039d4f9aa,0cf577c3-7ad4-416c-bc39-b986951bcfcd
d621d174-132f-4270-8143-577308326cd5,0cf577c3-7ad4-416c-bc39-b986951bcfcd
7f0a7d66-8e1c-4c59-82b5-5cd28378d430,0cf577c3-7ad4-416c-bc39-b986951bcfcd
d6d78077-6977-4f97-98d4-21e8bce1344b,0cf577c3-7ad4-416c-bc39-b986951bcfcd
ff4e5a38-4c91-46f8-99da-b75b7b9b89c2,0cf577c3-7ad4-416c-bc39-b986951bcfcd
02665288-4663-42ad-9530-fead4f84bb95,0cf577c3-7ad4-416c-bc39-b986951bcfcd
de9d5a47-a731-4fb3-8c07-d2a8ab740980,0cf577c3-7ad4-416c-bc39-b986951bcfcd
30970309-cccb-4fbd-b5e6-1c70d6ea0498,0cf577c3-7ad4-416c-bc39-b986951bcfcd
ae54cfba-5bdb-4893-8f43-91b18bb55e0c,0cf577c3-7ad4-416c-bc39-b986951bcfcd
69200a24-c086-4484-8d8d-66c968b9c695,0cf577c3-7ad4-416c-bc39-b986951bcfcd
2619db38-1cc9-4ee4-9ecd-107239dc9850,0cf577c3-7ad4-416c-bc39-b986951bcfcd
66866908-7528-4587-9c44-dcd61e9e0dcc,0cf577c3-7ad4-416c-bc39-b986951bcfcd
b43c8be2-be00-4ad7-b21f-fb06e46fece0,0cf577c3-7ad4-416c-bc39-b986951bcfcd
8040ec0e-8af1-41c9-b4b8-9a8ee184887a,0cf577c3-7ad4-416c-bc39-b986951bcfcd
368d45ba-d9ce-48ff-b3ed-3048d9fdfac2,0cf577c3-7ad4-416c-bc39-b986951bcfcd
00ac27ad-dd1b-4137-9aa6-dc04ac8586b4,0cf577c3-7ad4-416c-bc39-b986951bcfcd
0aa19186-e460-496f-b2a3-319c66369e42,0cf577c3-7ad4-416c-bc39-b986951bcfcd
a0ccd079-21b0-473e-b4d6-8871f27818b0,0cf577c3-7ad4-416c-bc39-b986951bcfcd
c6beb019-c9eb-4694-b1e7-41d2812db332,0cf577c3-7ad4-416c-bc39-b986951bcfcd
c6b75520-d325-44ec-b445-3897f532dff9,0cf577c3-7ad4-416c-bc39-b986951bcfcd
ac91ccdd-0f3a-41d2-a308-b627fe2fd546,0cf577c3-7ad4-416c-bc39-b986951bcfcd
c016673d-2fc5-4699-8850-97c93783a27c,0cf577c3-7ad4-416c-bc39-b986951bcfcd
7c2f51c5-b7da-4456-840a-d28ff33d277f,0cf577c3-7ad4-416c-bc39-b986951bcfcd
93225c3a-d36e-41ef-a84a-c60a60f54ba4,0cef50bc-7bfe-45c8-a0a9-e517787b0d4f
68863561-bccc-428d-9b02-bed7fa115e87,0cef50bc-7bfe-45c8-a0a9-e517787b0d4f
ce0fe441-cbaf-4019-8bf5-3698c5436665,0cef50bc-7bfe-45c8-a0a9-e517787b0d4f
eb578944-f255-4b4d-90f8-08c0f8fa610c,0cef50bc-7bfe-45c8-a0a9-e517787b0d4f
baf39f92-28ea-4d4d-b225-e36a70210c5f,0cef50bc-7bfe-45c8-a0a9-e517787b0d4f
18ba19f1-4bb6-432b-9d06-639b015082bd,0cef50bc-7bfe-45c8-a0a9-e517787b0d4f
96c9fadc-ab91-4816-9c5f-ba6b4f77377a,0cef50bc-7bfe-45c8-a0a9-e517787b0d4f
027ad93b-7f1d-4643-b716-8b7ad54d8383,0cef50bc-7bfe-45c8-a0a9-e517787b0d4f
3ac83015-6305-4767-be85-d4b945c9c1ee,0cef50bc-7bfe-45c8-a0a9-e517787b0d4f
f3be576f-7b92-43d8-958f-20682285cf99,0cef50bc-7bfe-45c8-a0a9-e517787b0d4f
1da6d5f2-5130-4277-8d6d-9073a49a5cc2,0cef50bc-7bfe-45c8-a0a9-e517787b0d4f
71033b2b-9faf-4fb8-bf44-d425ead70b96,0cef50bc-7bfe-45c8-a0a9-e517787b0d4f
4c9e8bb0-d46c-45d7-9d6c-9bf13c578522,0cef50bc-7bfe-45c8-a0a9-e517787b0d4f
0d707bf5-893b-471a-ac82-2c18dd343437,0cef50bc-7bfe-45c8-a0a9-e517787b0d4f
1b4f68be-a2a5-45cf-948f-ab7456cffbd5,0cef50bc-7bfe-45c8-a0a9-e517787b0d4f
5b389a1b-3f12-418e-acb8-6d64dff11a09,0cef50bc-7bfe-45c8-a0a9-e517787b0d4f
a470e2c9-8f2f-4200-b77a-c1a6b0412618,0cef50bc-7bfe-45c8-a0a9-e517787b0d4f
1e017844-3a27-402d-8235-f3151bab3cc7,0cef50bc-7bfe-45c8-a0a9-e517787b0d4f
0c68d2ad-16eb-41e5-9400-84f456a9c8e5,0cef50bc-7bfe-45c8-a0a9-e517787b0d4f
8bbf33e1-c299-438f-87d2-0733d17d4a38,0cef50bc-7bfe-45c8-a0a9-e517787b0d4f
a95cc370-cab2-40c1-b23d-50aa4928a27d,0cef50bc-7bfe-45c8-a0a9-e517787b0d4f
99a45d73-db48-4a07-80c6-8a21d491794a,0cef50bc-7bfe-45c8-a0a9-e517787b0d4f
27ffa33f-3332-4025-9724-b7dac2dc1787,0cef50bc-7bfe-45c8-a0a9-e517787b0d4f
1eea4950-0df0-4a7f-827c-9df3da68b79b,0cef50bc-7bfe-45c8-a0a9-e517787b0d4f
ad66a694-3050-440c-bf83-7f46c8c1f674,0cef50bc-7bfe-45c8-a0a9-e517787b0d4f
7f21239c-8fea-4231-af25-8e2d6ff17138,0cef50bc-7bfe-45c8-a0a9-e517787b0d4f
4bb63595-495c-48f3-af3a-b78cbff1e5d6,0cef50bc-7bfe-45c8-a0a9-e517787b0d4f
295468f6-da10-4a61-976a-c71366d4ef4a,0cef50bc-7bfe-45c8-a0a9-e517787b0d4f
6a8559b2-e151-44c8-a22b-533df8964929,0cef50bc-7bfe-45c8-a0a9-e517787b0d4f
2c0c9036-ce0a-4fe5-b880-74526403a7b1,0cef50bc-7bfe-45c8-a0a9-e517787b0d4f
74e21b95-4124-4262-b5c1-33c69a188ddf,0cef50bc-7bfe-45c8-a0a9-e517787b0d4f
91017584-9cd4-409e-b376-7daf5ea4b360,0cef50bc-7bfe-45c8-a0a9-e517787b0d4f
341212c3-7912-4fc6-add7-a1cb95654e89,0cef50bc-7bfe-45c8-a0a9-e517787b0d4f
a861e8d4-765f-41a5-91bc-0c5583fc2d35,0cef50bc-7bfe-45c8-a0a9-e517787b0d4f
b59f8479-fc7a-4028-8d95-ea4e6bac6304,0cef50bc-7bfe-45c8-a0a9-e517787b0d4f
3a8ba387-e361-494a-948c-f2c38d07d388,0cef50bc-7bfe-45c8-a0a9-e517787b0d4f
33424b74-8204-4034-a77e-b4ff60071126,0cef50bc-7bfe-45c8-a0a9-e517787b0d4f
f046c68d-a7bb-4699-8d7f-5d26a43aab13,0cef50bc-7bfe-45c8-a0a9-e517787b0d4f
3cae016e-204f-4a58-848a-2eb0e6f271c6,0cef50bc-7bfe-45c8-a0a9-e517787b0d4f
027ee688-bbb7-48dd-aea5-ee80ffec5c55,0cef50bc-7bfe-45c8-a0a9-e517787b0d4f
117effeb-ab83-4f0f-a74c-d4930a0411bf,0cef50bc-7bfe-45c8-a0a9-e517787b0d4f
38b475d7-e411-47fb-b040-9f070317a269,0cef50bc-7bfe-45c8-a0a9-e517787b0d4f
94ba18de-5fbb-4494-9132-06ac77990e0f,0cef50bc-7bfe-45c8-a0a9-e517787b0d4f
2630cca9-5c1c-4d54-8a73-45b91aced4b1,0cef50bc-7bfe-45c8-a0a9-e517787b0d4f
9761f1c8-bd7e-4003-a856-df3c585e72f3,0cef50bc-7bfe-45c8-a0a9-e517787b0d4f
1ec4ffc7-ce8f-49be-baf7-d7fcdc255e83,0cef50bc-7bfe-45c8-a0a9-e517787b0d4f
6f8e61e6-5d10-49ac-b894-71d5fc4b83f6,0cef50bc-7bfe-45c8-a0a9-e517787b0d4f
6e6abd46-571b-4ed9-bcb6-79ce68426c1f,0cef50bc-7bfe-45c8-a0a9-e517787b0d4f
3ee0f96a-419b-4d03-8852-f8a4079c50f0,0cef50bc-7bfe-45c8-a0a9-e517787b0d4f
2024d955-033f-4179-8a40-7f04295d223d,0cef50bc-7bfe-45c8-a0a9-e517787b0d4f
2e3d93d9-a3a0-41bf-878e-11542245633c,0cef50bc-7bfe-45c8-a0a9-e517787b0d4f
644d367a-9373-4576-ae26-7dca644f931b,0cef50bc-7bfe-45c8-a0a9-e517787b0d4f
8b8eb134-a66b-4e3b-bf9e-e9be7c98e373,0cef50bc-7bfe-45c8-a0a9-e517787b0d4f
353f066e-58c0-4548-a53e-bba388ec3b9d,0cef50bc-7bfe-45c8-a0a9-e517787b0d4f
fdb6a5db-bf3e-4470-89c8-f10757a3b95c,0cef50bc-7bfe-45c8-a0a9-e517787b0d4f
848d581a-be66-4332-abc8-b45c67ac6314,0cef50bc-7bfe-45c8-a0a9-e517787b0d4f
573b8484-0751-4fe8-a82c-09ac6901d147,0cef50bc-7bfe-45c8-a0a9-e517787b0d4f
81015f25-9a4a-4476-b54e-e4db4c02c1f9,0cef50bc-7bfe-45c8-a0a9-e517787b0d4f
4f08e938-b60b-4e0a-80f3-6b67f18af439,0cef50bc-7bfe-45c8-a0a9-e517787b0d4f
52a88552-fdbc-4364-9724-ffbbac2c012e,0cef50bc-7bfe-45c8-a0a9-e517787b0d4f
fa903e38-7885-43ee-9bcb-f3bf62c95fdb,0cef50bc-7bfe-45c8-a0a9-e517787b0d4f
96e49b52-a7e4-4f03-8b4b-d5157d4917b2,0cef50bc-7bfe-45c8-a0a9-e517787b0d4f
23197cad-3859-4a69-be54-b0c67fffcf49,0cef50bc-7bfe-45c8-a0a9-e517787b0d4f
297394f7-0bc8-4bea-aceb-a869b2dd8889,0cef50bc-7bfe-45c8-a0a9-e517787b0d4f
c1bd8222-1c2f-4369-884d-ceb169f861e0,0cef50bc-7bfe-45c8-a0a9-e517787b0d4f
eecd4bc5-a4b9-481c-97ee-c127b6a0de18,0cef50bc-7bfe-45c8-a0a9-e517787b0d4f
51305ce6-8b80-4df5-ade8-a82c3e77acd3,0cef50bc-7bfe-45c8-a0a9-e517787b0d4f
b3407858-3dec-454f-829d-b89eca642119,0cef50bc-7bfe-45c8-a0a9-e517787b0d4f